month_year,scope,event_type,institution_or_region,channel_affected,sector_target,direction,expected_lag,description
2020-01,External,monetary_policy,US Federal Reserve,global_gold_price,both,upward_price_pressure,immediate,Fed maintains accommodative policy during COVID-19; gold price begins upward trajectory.
2020-01,Internal,fx_policy,RBZ,liquidity_squeeze,ASM,compliance_burden,1-3 months,RBZ rolls out strict access point geolocation directives; macro liquidity constraints prioritize formal gold extraction as a vital central export earner.
2020-03,External,pandemic_shock,Global/WHO,global_gold_price,both,safe_haven_buying,immediate,COVID-19 pandemic declared; global lockdowns restrict chemical imports and ground regional safe-haven bullion flights.
2020-05,Internal,payment_systems,Ministry of Finance,cash_pools,both,compliance_burden,1-3 months,S.I. 80 of 2020 gazetted: Banking regulations enforce tight mobile money limits and interoperability rules to disrupt parallel market cash pools.
2020-05,Internal,payment_systems,FGR / RBZ,price_incentive,ASM,liquidity_relief,immediate,FGR Restructuring: Implements a 100% USD cash payment guarantee for artisanal miners to capture spot flows.
2020-05,Internal,fx_policy,RBZ,input_costs,LSM,liquidity_squeeze,1-3 months,Primary Producer Split Rule: Mandates a restrictive 55% USD and 45% local currency (ZWL) split for corporate mines.
2020-06,External,geopolitical_conflict,Middle East instability,shipping_routes,both,cost_increase,1-3 months,Regional tensions begin affecting shipping insurance and logistics costs.
2020-06,Internal,fx_policy,RBZ,currency_discount,LSM,compliance_burden,immediate,"Launch of the FX Auction System: Formalizes retention at 70% USD / 30% ZWL, but forces conversion at heavily discounted official rates."
2021-01,External,border_logistics,SADC / Regional Customs,shipping_routes,both,compliance_burden,1-3 months,Harmonized transit quotas and pandemic screening metrics enforce physical tracking delays at Beitbridge border.
2021-01,External,monetary_policy,US Federal Reserve,global_gold_price,both,upward_price_pressure,immediate,Fed maintains low interest rates; gold remains highly attractive.
2021-01,Internal,fx_policy,RBZ,liquidity_squeeze,ASM,liquidity_squeeze,1-3 months,Sustained domestic foreign currency shortages; small-scale tracking operations ramp up amid parallel market forex premiums.
2021-05,Internal,export_rule,Ministry of Finance,price_incentive,LSM,liquidity_relief,1-3 months,"Incremental Export Incentive Scheme (IEIS) introduced via Circular No. 4; baseline corporate retention remains 60%, but incremental volumes yield 80% USD retention and offshore borrowing rights."
2021-06,External,central_bank_purchases,Global central banks,demand,both,upward_price_pressure,immediate,Central bank gold purchases remain elevated post-pandemic.
2022-01,Internal,fx_policy,RBZ,neutral,both,neutral,0 months,Baseline status quo period; monetary regime holds currency retention splits steady across mining tiers.
2022-02,External,geopolitical_conflict,G7 / European Union / Russia,supply_chain_disruption,both,safe_haven_buying,immediate,"Russia-Ukraine war triggers massive safe-haven buying and G7 sanctions, causing global energy, fuel, and chemical prices to surge."
2022-03,External,monetary_policy,US Federal Reserve,capital_flight_risk,both,capital_flight_risk,immediate,US Federal Reserve starts aggressive interest rate hiking cycle; strengthens USD and penalizes developing market assets.
2022-06,External,central_bank_purchases,Global central banks,demand,both,upward_price_pressure,immediate,Central banks accelerate gold reserve accumulation amid geopolitical tensions.
2022-11,External,anti_money_laundering,UAE Ministry of Economy / LBMA,compliance_burden,both,compliance_burden,1-3 months,UAE launches mandatory Good Delivery Standard for Gold; enforces strict audit tracking and beneficial ownership checks on bullion entering Dubai refiners.
2023-01,External,monetary_policy,US Federal Reserve,global_gold_price,both,downward_pressure,1-3 months,Fed rate hike cycle continues; gold price volatility increases.
2023-02,Internal,fx_policy,RBZ,exchange_friction,both,liquidity_squeeze,immediate,Exchange Control Directive RY002/2023: Abolishes the 100% USD ASM tier and discontinues the IEIS corporate bonuses. Standardizes a flat 75% USD and 25% local currency retention across all sectors.
2023-06,External,shipping_disruption,Red Sea / Houthi attacks,shipping_routes,both,cost_increase,1-3 months,Middle East shipping disruptions begin affecting African export routes.
2023-09,External,central_bank_purchases,China / Global central banks,demand,both,upward_price_pressure,immediate,Record central bank purchases; China accelerates gold reserve accumulation aggressively.
2023-10,External,geopolitical_risk,Global Commodity Markets,global_gold_price,both,price_incentive_spike,immediate,"Middle East geopolitical escalation triggers safe-haven buying, driving spot gold values toward $2000/oz."
2023-11,Internal,fx_policy,RBZ,compliance_burden,both,compliance_burden,immediate,Enforcement of MPC Directive: Systematically strips out special economic zone dispensations or debt-servicing conversion exemptions to retain domestic liquid forex reserves.
2024-01,External,monetary_policy,US Federal Reserve,global_gold_price,both,upward_price_pressure,immediate,Fed signals rate cut pivot; gold price begins steep upward ascent.
2024-01,Internal,tax_policy,Treasury,compliance_burden,both,compliance_burden,1-3 months,2024 National Budget takes effect: Broadens the tax base and eliminates key corporate VAT exemptions to push formal sector compliance.
2024-01,Internal,fx_policy,RBZ,liquidity_squeeze,both,liquidity_squeeze,1-3 months,Aggressive monetary tightening cycle: Central bank holds high policy interest rates and statutory reserve requirements to defend the currency.
2024-03,External,geopolitical_conflict,US Treasury OFAC / Middle East,shipping_routes,both,compliance_burden,immediate,"US terminates Executive Order sanctions on Zimbabwe, shifting to targeted Global Magnitsky listings. Simultaneously, Gulf of Aden disruptions worsen; vessels reroute around Cape of Good Hope."
2024-04,Internal,fx_policy,RBZ,currency_valuation,both,neutral,1-3 months,"2024 Monetary Policy Statement: Discontinues the collapsing ZWL and introduces the gold-backed ZiG. Retention remains 75% USD, but the 25% local leg is paid in volatile ZiG."
2024-05,External,anti_money_laundering,Financial Action Task Force,compliance_burden,both,compliance_burden,3-6 months,"FATF expands compliance audits over regional cash transfer nodes, restricting anonymous regional dollar pooling."
2024-06,External,central_bank_purchases,Global central banks,demand,both,upward_price_pressure,immediate,"Central bank purchases reach nearly 1,000 tonnes across H2 2024-H1 2025."
2024-09,External,monetary_policy,US Federal Reserve,global_gold_price,both,upward_price_pressure,immediate,Fed cuts rates three times in 2024; gold price surges strongly.
2024-09,Internal,tracking,Ministry of Mines / RBZ,tracking_friction,both,traceability_improvement,3-6 months,"Launch of the digital 'Mine-to-Point-of-Sale' tracking framework, tightening mineral logistics mapping from delivery sites to the refinery."
2024-12,External,trade_policy,OECD / G20,shipping_costs,both,cost_increase,1-3 months,Trade uncertainty and tariff announcements increase global shipping costs and supply friction.
2025-01,External,geopolitical_conflict,Middle East war continuation / SARS,shipping_routes,both,cost_increase,1-3 months,"Ongoing war takes toll on Zimbabwe-UAE gold trade; shipping costs rise 5x. Simultaneously, SARS deploys advanced border scanners at Beitbridge to target illicit metal transit."
2025-01,External,global_demand,World Gold Council,global_gold_price,both,upward_price_pressure,immediate,"Global gold demand hits record 5,002 tonnes in 2025."
2025-01,Internal,export_rule,Government,raw_export_limits,both,compliance_burden,3-6 months,Strategic raw mineral export ban escalations; deepens state enforcement push for local beneficiation and value addition.
2025-02,Internal,fx_policy,RBZ,profit_margin,both,liquidity_squeeze,immediate,"2025 Monetary Policy Statement: Compresses export retention down to 70% USD and 30% ZiG across all tiers to feed the interbank market, heightening parallel diversion risks."
2025-02,Internal,payment_systems,Ministry of Finance,licensing_costs,ASM,compliance_burden,1-3 months,"S.I. 17 of 2025 gazetted: Amends the 2020 framework, sharply shifting licensing/turnover fee structures for mobile payment engines."
2025-03,External,monetary_policy,US Federal Reserve,global_gold_price,both,upward_price_pressure,immediate,"Gold price surpasses $5,000/oz; reflects a 22% rise in 2025 following a 64% increase in 2024."
2025-06,External,investment_demand,Global ETFs / LBMA,demand,both,upward_price_pressure,1-3 months,ETF inflows reach 801 tonnes; investment demand surges 84% YoY. LBMA introduces Responsible Gold Guidance V10 adding strict tracking parameters.
2025-06,Internal,licensing,Ministry of Mines,cadastre_mapping,both,traceability_improvement,3-6 months,"Mines and Minerals Amendment Bill officially gazetted: Mandates a digital mining cadastre system, designates strategic minerals, and restructures land tenure boundaries."
2025-09,External,monetary_policy,US Federal Reserve,global_gold_price,both,upward_price_pressure,immediate,Fed cuts rates again in September 2025; gold continues upward trajectory.
2025-10,External,geopolitical_conflict,Middle East ongoing instability,global_gold_price,both,safe_haven_buying,immediate,Geopolitical tensions remain high; gold price hits 53 new all-time highs.
2025-11,Internal,tax_policy,Zimbabwe Government,royalty_rate,ASM,leakage_risk_increase,immediate,"Zimbabwe raises gold royalty to 10% when prices exceed $2,501/oz; miners warn of increased smuggling risks."
2026-02,Internal,export_restriction,Zimbabwe Government,export_policy,both,formalization_pressure,3-6 months,Zimbabwe enforces raw mineral export restrictions including raw lithium blocks; affects overall mining sector logistics.
